{"accuracy": [0.609346330165863, 0.8700903058052063, 0.9207056164741516, 0.9434952735900879, 0.9584749937057495, 0.9667543768882751, 0.9731559753417969, 0.9773668050765991, 0.9808663725852966, 0.9819332957267761], "loss": [1.3253464698791504, 0.40845876932144165, 0.2455650120973587, 0.17175105214118958, 0.12637771666049957, 0.10136249661445618, 0.08186691254377365, 0.06976189464330673, 0.059099312871694565, 0.054695580154657364], "val_accuracy": [0.8300705552101135, 0.9017755389213562, 0.9322217106819153, 0.9433189034461975, 0.936546802520752, 0.9676758646965027, 0.9661962389945984, 0.9679604172706604, 0.9703505635261536, 0.9746755957603455], "val_loss": [0.5352898836135864, 0.30551889538764954, 0.20718535780906677, 0.1791033297777176, 0.20575228333473206, 0.10503584891557693, 0.1057833805680275, 0.10500649362802505, 0.09561096876859665, 0.08372097462415695]}